{"lr":6.2e-06,"_wandb":{"runtime":411},"_runtime":411.898971677,"bc_loss":0.00011274348071310669,"train_loss":0.00011274348071310669,"_step":30,"epoch":0,"global_step":30,"_timestamp":1.7779577387222588e+09}