{"mean_time":0.016005823460031064,"global_step":1098,"_wandb":{"runtime":2439},"bc_loss":9.51479250943521e-06,"lr":9.177439057064683e-05,"mean_success_rates":0,"_runtime":2439.601021753,"train_action_mse_error":0.025770746171474457,"_step":1099,"epoch":99,"sim_video_eval":{"width":480,"height":480,"_type":"video-file","sha256":"484b465e4f81c0da5bedaf83f3f90a391f350511853a7249e3936bec8ba0e1c9","size":607356,"path":"media/videos/sim_video_eval_889_484b465e4f81c0da5bed.mp4"},"_timestamp":1.7779641500381963e+09,"mean_traj_rewards":4.8,"train_loss":1.1985135279246606e-05,"SR_test_L5":0,"SR_test_L3":0,"test_mean_score":0}