{"test_mean_score":0,"SR_test_L3":0,"mean_time":0.019476442768218673,"SR_test_L5":0,"_wandb":{"runtime":693},"train_loss":3.147414099657908e-05,"bc_loss":3.147414099657908e-05,"_timestamp":1.7779615037836158e+09,"train_action_mse_error":0.17563827335834503,"lr":4.2e-05,"sim_video_eval":{"width":480,"height":480,"_type":"video-file","sha256":"7ab439f7a4d0f71102edf0df4d54e3358657452d3428039c05ca0988cea1011b","size":502597,"path":"media/videos/sim_video_eval_9_7ab439f7a4d0f71102ed.mp4"},"_runtime":693.788354052,"mean_traj_rewards":1.5,"global_step":229,"epoch":20,"mean_success_rates":0,"_step":229}