{"epoch":200,"bc_loss":6.3052584664546885e-06,"_runtime":2157.740950191,"lr":9.905133969133937e-05,"SR_test_L5":0,"_wandb":{"runtime":2157},"SR_test_L3":0,"mean_time":0.015761917575876763,"mean_traj_rewards":0,"sim_video_eval":{"size":592151,"path":"media/videos/sim_video_eval_30_23840519b143cf698d81.mp4","width":480,"height":480,"_type":"video-file","sha256":"23840519b143cf698d810db14680eedb60e84e46403f10c125236f6278a1456a"},"train_action_mse_error":0.0068618436343967915,"mean_success_rates":0,"_timestamp":1.7779606736033907e+09,"test_mean_score":0,"train_loss":6.3052584664546885e-06,"_step":6430,"global_step":6430}